Dragon Resurrection,4.99
Future Dream,5.99
Chase of Violation,11.99
Knockout of Resitution,5.99
Execution and Dream,4.99
Domination and Gods,2.99
Evoheart,3.99
Ultrabot,17.99
Cloudbot,19.99
Aircry,4.99
Dead World,5.99
Spirit Complex,11.99
Battle of Struggle,5.99
Strategize of Betrayal,4.99
Danger and Battle,2.99
Twisted Dreams and Honor,3.99
Farreign,17.99
Exscape,19.99
Warblade,4.99
Everplan,5.99
Ghost Rage,11.99
Hunting Master,5.99
Destroy of Rule,4.99
Crash of Freedom,2.99
Chamber and Bridge,3.99
Frenzy and Misery,17.99
Datatech,19.99
Deadwind,4.99
Cloudflight,5.99
Infected Calamity,11.99
Vampire Castle,5.99
Attack of Rule,4.99
Rule of Assault,2.99
Maze and Cult,3.99
Logic and Predators,17.99
Bluepoint,19.99
Brutalphobia,4.99
Evostorm,5.99
Grimzone,11.99
Honor Curse,5.99
Cold Bounty,4.99
Defeat of Stipulation,2.99
Battle of Invasion,3.99
Space and Galaxy,17.99
Twisted Dreams and Mortals,19.99
Deltaside,4.99
Antiblast,5.99
Dynagene,11.99
Everscape,5.99
Titan Network,4.99
Solar Harvest,2.99
Kill of Redemption,3.99
Breakout of Liberty,17.99
Sword and Guns,19.99
Innocents and Harmony,4.99
Grimborne,5.99
Blastershot,11.99
Ultraheart,5.99
Bladeshot,4.99
Mortal Survival,2.99
Blood Siren,3.99
Strike of Stipulation,17.99
Demolish of Order,19.99
Danger and Space,4.99
Sanity and Truth,5.99
Brutalcry,11.99
Bulletsite,5.99
Deltashot,4.99
Astroland,2.99
